supabase_id,First Name,Last Name,Organization Name,City,State/Region,Country
efbbb21a-dbc4-4822-848d-b2d5e085475e,,,20hz Productions LLC,Orlando,FL,US
d429ebda-3fc7-4d2b-b8b5-ecbac0a231e8,,,AEG Presents,Detroit,MI,US
959ca6a1-16bc-4fef-8d75-d63ca8abe55d,,,AEG Presents-Rocky Mountains,Denver,CO,US
5c5d7752-ddd3-4579-ad46-34cc962e58ce,,,AEG Presents Rocky Mountain LLC,Denver,CO,US
341de0a3-57c7-4570-871f-00099f404125,,,AlienFam Promotions,Rochester,NY,US
eeb6973e-dd51-4f18-ac04-2167dc959533,,,AMF Shows,Chattanooga,TN,US
6e9a6d32-fed4-471b-bb58-c56c24206c24,,,Amplitude Denver,Denver,CO,US
4974a779-14d9-4b45-9b54-cab0e2d562c9,,,Apex Event Management LLC,Thornville,OH,US
a3974c1d-bf9e-492b-9083-ef8e777f6039,,,AREA15,Las Vegas,NV,US
003e8cef-42a7-498f-828c-64469046d5e4,,,Astoria Event Venue,Irving,TX,US
79ba859e-b37a-4230-a350-11bab2e8c5a7,,,Atomic Entertainment LLC,Minneapolis,MN,US
df83184e-fbd3-4272-a3dd-90db8898a036,,,Avary Entertainment,Nashville,TN,US
b1bd360a-3ee2-4666-ad9d-3174f9272449,,,Awoken Entertainment,New Baltimore,MI,US
721c828c-ee42-42d0-85cd-664b95640d31,,,Ayyye Plus Productions,Denver,CO,US
38582c5a-b961-4e00-bf5f-daaef4a8ab52,,,Baked Up LLC,Austin,TX,US
40b713e2-9dd4-4715-9c03-bd3eb5283c3a,,,Bass Drop,Shorewood,IL,US
4b58923d-968b-4680-8458-c38e24a54e6a,,,Believe Music Hall Atlanta,Atlanta,GA,US
f6a23605-c53b-41f2-869e-23a0aecc8e3d,,,Big Dub Festival,Artemas,PA,US
577af25e-7530-45d5-bc73-2b13c576557c,,,Big Vision Productions,,,US
d3ce50fb-8a6f-482a-acb1-cd7be0bf5841,,,Blaze Entertainment,Orlando,FL,US
60b7e0ad-4d40-4954-afef-5ca6f7a037e4,,,Blockhead Productions,Manchester,NH,US
a0c87590-8d6d-48f8-9807-733f7b64302f,,,Borda Productions,Lacygne,KS,US
749affd6-50ac-47fb-86ff-e1dbc178b2ff,,,Bourbon on Division,Chicago,IL,US
71c5af6a-9251-42c9-8af8-f80ff6a61157,,,Boxcar Bookings,Santa Fe,NM,US
9d70cead-c838-4a18-8435-b08d2a63a3f1,,,Buckeyewood Ent LLC,Toledo,OH,US
9873a5dd-1f48-4400-9d2b-cc285d4743b4,,,Camp Space,Umatilla,FL,US
d60f5204-9e07-4e99-8e50-a381d96ae811,,,Cervantes Masterpiece Ballroom,Denver,CO,US
3b686111-e6bf-481b-8f89-6809ace9adaa,,,Coalitione Entertainment,Jacksonville,FL,US
f42c15ad-1b96-459c-a0c0-e2ed2c571278,,,Concert Crave,,,US
286479dd-50e5-4c2b-bbc3-a4a1cedeaee9,,,Corporate wooks,Philadelphia,PA,US
c9b5c768-9ed5-44f0-9e44-c5c201951aa4,,,Dark Room Sessions,Charlotte,NC,US
5f0ba2df-cf7d-4133-89a8-d2a7250c6c7b,,,DAYGLOW ATL,Atlanta,GA,US
c0128bc8-e6df-46ba-b50d-fb0c28356b75,,,Delirium Festival LLC,Papineauville,QC,CA
66cda842-0346-44bf-900b-b68e9a82c764,,,Dirtysnatcha Records,Buffalo,NY,US
9ffe2008-c664-45ee-b834-7e1e7df51c7c,,,Disco Donnie Presents,,,US
cdeba3eb-3281-4050-8601-a03da33ddf30,,,Disco Donnie Presents Contracts,,,US
c93e7903-5766-40e5-ad09-56e3b12296fc,,,DNA Lounge,San Francisco,CA,US
e0ef1064-155a-4448-ad69-0ebe1e6caaf1,,,DNR Productions,Toronto,ON,CA
d9b88e8d-8f49-4d65-b972-71fc81c00476,,,Effex NightClub,Albuquerque,NM,US
3755ca47-6f3d-42cc-b23e-57fa61bb17c9,,,El Club,Detroit,MI,US
2d00f40c-f137-41ac-a104-9927051eb245,,,EL3KTR0 45,West Chicago,IL,US
53b6fc5a-bf9a-4707-9ad4-f997b826c69b,,,Elektricity,Pontiac,MI,US
2235e6cf-2fb7-40d2-96ed-775307d58ca0,,,Eleventh House,Mesa,AZ,US
522951a4-2e7a-40cf-81de-94aa18406d14,,,Ember Music Hall,Richmond,VA,US
674037e8-ba47-4b55-91ad-9ee72af25e5f,,,End in Y LLC,Nashville,TN,US
5204796a-f672-4a6f-82ee-6937f554dc0a,,,Enso Tribe Promotions,Richmond,VA,US
c4fa5810-8906-4c36-85ca-8585c1a92212,,,Envy Productions,Portland,OR,US
b5771b58-ca49-4432-9438-e57cd7ceca5a,,,Filth Entertainment,Charlotte,NC,US
6f888eb7-6ac7-411a-a4e6-ebbe4e9717cf,,,Florida Riddim Syndicate,Fernandina Beach,FL,US
f4d7ef4d-3721-4d79-9461-cd6f6142dd00,,,FPC Live LLC,Charleston,SC,US
55ff20c7-2988-4cfc-86ef-fcbc026734bc,,,Fresh Bakin,Reno,NV,US
c19c6d2a-91d7-49b5-8a13-671bc6cddb8d,,,ftr parties,Chico,CA,US
d7b2b816-f6ff-4e0b-9926-01947c08586c,,,Gem & Jam Presents,Tucson,AZ,US
5ca212be-4363-475a-b7c6-77d3efdd570d,,,Global Dance,Denver,CO,US
d3efcec3-5379-41e8-be56-d20363a91195,,,Good Vibes Mini Fest,Yale,MI,US
1e274b9b-8c36-448d-a85b-6fcd86fa8e93,,,Grog Shop,Cleveland Heights,OH,US
9396698e-8d44-4de9-94a9-c54003ffde65,,,Ham Promotions,,,US
e48d8c5e-a18d-43eb-8b21-44a4a69f8046,,,Happy Festival LLC,Shawnee,OK,US
c5778794-6592-4864-bfd8-21264d751d59,,,Headbang society,Tampa,FL,US
64599957-bd83-41b3-b183-b45db42c5d0a,,,HMNGBRD PRODUCTIONS LLC,Fort Collins,CO,US
5865bc55-529f-4339-aacf-9082f6a8132e,,,Hostile,Los Angeles,CA,US
b84b827f-e216-4a59-95cb-778415b927f9,,,Ignyte Events,Grand Rapids,MI,US
666d054a-82f5-4dcd-9984-de0a62d58181,,,Insomniac Holdings LLC,Los Angeles,CA,US
329ad0fc-74c3-47c3-be15-e320daf9f3d7,,,Insomniac Holdings LLC,Orlando,FL,US
5d11108c-2eff-4581-ade0-5b5a4bd3c9ac,,,Iris Presents,Atlanta,GA,US
c56bf7e5-312a-4b78-8f89-4710be95efd1,,,Kandi Love,San Francisco,CA,US
3635526d-7d31-4976-a656-6090c7901c02,,,Konabass Productions,Spokane,WA,US
cd358fbe-495c-4315-90c2-72da9cf4e1f9,,,KPM Promotions LLC,Salt Lake City,UT,US
d165fdb0-6ea3-4d29-b3f7-f7b582b8428d,,,Later Tonight,Harrisburg,PA,US
0f594150-5579-4c1e-bcbe-85ded8dc393a,,,Live Nation,,,US
cff97f37-e750-43f1-a92b-8f165aa03eee,,,Lost Lands Music Festival,Licking Township,OH,US
ece28ee6-b42e-443a-8b5e-787485163eeb,,,Lost Times Retreat LLC,,,US
e1bbc49b-842f-4eea-962d-e0053bc72a15,,,lyoko,San Francisco,CA,US
67894bde-c63b-4794-a7b2-b4fdaf97e243,,,Magic Moon Festival,Cullen Township,MO,US
f688c603-4412-4d14-b3a2-6169252d135e,,,Malfunktion Music,Chicago,IL,US
500cb733-6a2d-4f8c-8077-6717e6a069b7,,,Marquis Theater,Denver,CO,US
b08d5bc1-2c28-4e10-8826-4823c9fc3f00,,,Meow Wolf Santa Fe,Santa Fe,NM,US
ce03589e-4b84-4a2f-9520-33856bb9486d,,,Midnight Freqs LLC,Seattle,WA,US
579ebc85-0ad9-40f7-aeec-cecd9835eb12,,,Midnight Mirage LLC,Lincoln,NE,US
14d00e3c-56c3-498a-b9da-579570a9fa76,,,MNM Presents,Buffalo,NY,US
715e5262-982d-4cef-af46-cab0d56699a8,,,Moxi Theater,Greeley,CO,US
9a6e719d-69ca-479c-87cd-1b9104daaddd,,,Myth Presents,Jacksonville,FL,US
50396146-fc01-45a6-81f5-5ffe041e7181,,,NEC Promotions,London,ON,CA
1a3a37d9-9ab8-4561-80c4-69293df9cd64,,,NFBN LLC,Las Vegas,NV,US
c56e0bec-a115-4af7-af86-2b13a2926580,,,NightCulture Inc,Dallas,TX,US
02cd04d8-cc85-4fe2-9e84-cbacc2257bc5,,,no sleep presents,Orlando,FL,US
9e489340-0768-41bf-b345-5c73ea7983af,,,No-Coast Entertainment,,,US
eb92ed07-646d-4f2e-8226-5b76bf14129b,,,NV Concepts,Wilmington,NC,US
6fc0a4e4-efd5-4139-a541-4bb8e8e14f4a,,,Ocean Grooves Entertainment,Tacoma,WA,US
57464b35-4aab-42f3-ab8f-73233f539700,,,ODZ Collective,Buffalo,NY,US
a93a5847-a308-4bc4-9adc-4908da9d2d25,,,OneVibeFest Inc,,,US
09824de3-34d1-4bea-807f-8ff477986bf9,,,other Guys,Kalamazoo,MI,US
ae0182d2-6ccc-4273-ba21-48461b5f8344,,,Outer Limits Entertainment,Midland,TX,US
ef9bfd5f-ae31-4ac5-bedc-cbd643845fff,,,OZARK 808 ENTERTAINMENT,Noel,MO,US
ce1407b1-1ab8-4990-a6eb-d48f4763c4f8,,,Phantom Productions LLC,Kansas City,MO,US
f8a10d69-1a26-4fbd-988b-60056fc9d309,,,Photo City Music Hall,Rochester,NY,US
4e83c510-48b1-4b05-9359-ef812814fd93,,,PHVRAOH Presents,Noel,MO,US
a119336a-9658-462f-8900-984f7e5df303,,,pirate panda,,,US
0b505519-4122-48cc-9ddb-8ae40846c1c5,,,Playful Rage Productions,Des Moines,IA,US
9582f6db-ee27-410c-b60e-94b44bf4aefd,,,POWER MOVES MUSIC PRODUCTIONS,Rock Island,IL,US
d0ba6c19-0baa-49f9-a892-ba210501ee4d,,,prickly pete,,,US
0ab42d1b-0e5a-403a-8d4c-480780d29ff6,,,R.A.V.E,Pontiac,MI,US
54e2ffc0-31d0-4453-9722-287eb3ae0e51,,,Rappin The Rivers Festival,Bozeman,MT,US
c68760aa-9e42-4fbf-9607-320901b45cbb,,,Ravehouse Entertainment,Las Vegas,NV,US
8dd389eb-9e3f-4f64-a79b-c5dc976bb05c,,,RBC DayDreams,Dixon,IL,US
a0de0a09-97c8-4dc1-9e84-2b6a1ef1a621,,,Relentless Beats,,,US
775c3ca2-993c-4d23-be2d-d43ed2c350f0,,,Repvblik Presents,Waukegan,IL,US
e7253569-d2b0-466c-82e8-b9181119abc6,,,Riddim Resistance,Tallahassee,FL,US
386f3b33-ce84-4078-be6a-f2c92d91c6b9,,,Roll events Organization,San Francisco,CA,US
7fa30512-6866-4084-b2e5-ae3ee9dddba7,,,Ronin Productions LLC,Chicago,IL,US
9ac3d095-1209-46e0-97f3-2c18a313ea33,,,ROOTS OF BASE LLC,Miami Beach,FL,US
8acdd0ce-5022-4e0c-8c1b-658322220bdf,,,Royal Grove,Lincoln,NE,US
3d618671-31e5-4290-8d16-ab26d5d5f3a3,,,RVLTN LLC,Las Vegas,NV,US
6dcaa3d4-da9e-48d0-9d65-d7e8d43ad68d,,,Screenbuzz Entertainment,Seattle,WA,US
9654329f-91f1-4b85-9d80-34feaea14cf5,,,Sidequest on 44th,Pittsburgh,PA,US
ea0540f5-2b9e-483f-b210-e9fc5d4fe9ba,,,Skyway Theatre,Minneapolis,MN,US
a5531fb4-b575-43c8-aaf9-2070fbd65d1c,,,Slayd Productions,Pittsburgh,PA,US
240328d9-fa23-49fc-8457-d394ddb9ccd9,,,SMG Events,Lubbock,TX,US
d8337503-9fc1-4ace-ab5d-c647316156aa,,,Space Muenster,Garden Grove,CA,US
6f73b092-7307-4a4b-8ba7-49d61bfb42bf,,,Spawtaneous Productions,Tampa,FL,US
1483b75a-126f-4064-a3d9-5387b32a4a27,,,Stage Audio and Lighting,Cheyenne,WY,US
bde434ed-2402-4bfe-a217-506efa72d788,,,Steez Promo,Virginia Beach,VA,US
abc53217-13e6-41c2-870c-3c172e630c13,,,Golden Triangle Inc,Las Vegas,NV,US
33e936d6-dd63-446b-9bce-dba41d8fef1e,,,Stereo Live Dallas,Dallas,TX,US
c8335bc8-3ac6-4514-8bd6-54b662437c93,,,Stereo Live Houston,Houston,TX,US
655d9ca1-eaef-46fa-99ad-cf4aeeda20dc,,,Still Smilin,St. Louis,MO,US
f0e27434-2bf1-4c22-8dd0-91487dd04c30,,,Subphonic Events,Sacramento,CA,US
1155a6ac-9d74-4e11-8d53-04bfeca13f05,,,subsonix llc,Tulsa,OK,US
432f12bc-0ba2-4720-9f7d-004b22fdfa4b,,,Summit Sound Productions Inc,Butte,MT,US
a40d9f98-67ae-4941-8d8a-717f9591d2cf,,,sunset events,Tampa,FL,US
9e42a4d3-067e-4a79-b9b6-e33469cd5b76,,,Synchro Events,,,US
4e8cef54-bfba-4267-879b-5c90bc753e00,,,Tempted Music Group,Brooklyn,NY,US
80f348ad-e8a9-40d4-aea4-212957dae0d7,,,The Bass Club,Winchester,VA,US
1d9512ec-eddb-4514-a3a9-dc6dabcde224,,,The Black Box,Denver,CO,US
2657e8a2-7397-402d-b8db-09d6205bc448,,,The Church Nightclub,Denver,CO,US
f444a476-17a7-4bf2-92d4-2d20ebfd24e4,,,The Gem,Idaho Falls,ID,US
17029f40-519a-4f21-894a-1a36660dc178,,,The Get Down PDX,Portland,OR,US
61e64302-6227-48a2-b139-04d6e14d6157,,,The Intersection,Grand Rapids,MI,US
51596392-a326-4575-b459-e8c1fb23d356,,,The Mishawaka,,,US
67a8bff5-22ff-4622-9856-349bc9f8cf9e,,,The Royal Grove,Lincoln,NE,US
1966d820-1b25-436b-98be-e49ac87256de,,,The Vogue Theatre,Indianapolis,IN,US
ae999a0c-8bcb-4753-a7d5-4ce8a9729d5e,,,Thunder Ranch Entertainment Holdings LLC,Pensacola,FL,US
2f9fa7c6-eca2-4ead-8135-07db2dd76218,,,Trees,Dallas,TX,US
8356f64a-84be-4228-bfd4-2833762fdb89,,,Tripper Productions,Tampa,FL,US
29d4e397-017e-40f0-962b-793ad00625c7,,,True Steez Productions,Independence,IA,US
40623ec7-0570-4851-94d0-abea0044140b,,,V2 Presents,Salt Lake City,UT,US
a932f0dc-ee08-41bf-ae79-17ffec5e6bb2,,,Vibe Music Events,,,US
af4c5a80-4dff-47bf-a854-29a1999d0178,,,Virtuosos,Houston,TX,US
79714a7d-d71f-4607-a1a4-601912f4fcfd,,,Wasted Presents,Huntington Beach,CA,US
0e54034b-473c-41d4-b055-e09b264df911,,,White Rabbit Group Inc,Seattle,WA,US
dc5f30d8-4f2f-42f9-948b-d13636ba65ab,,,WickedGoodTime,Fargo,ND,US
6c6beb66-86e8-48b0-9fce-cf32a08686da,,,Wubaholics,Miami,FL,US
cc61587f-c42f-49c8-9e68-4744f3e969a4,,,wubhub presents,Longwood,FL,US
9f945b71-955a-4c44-90e7-45d27271a20f,,,XODIA MEDIA,Columbus,OH,US
06a28e0b-6368-4266-99c6-ec43715dcc37,,,Xtrill Tampa,Honolulu,HI,US
c26b6bee-d2f7-4f24-9e1c-962da1867cc4,Andrew,Peek,,,,US
61d9231a-9b5e-492e-b65d-e3026daa18a6,Angel,Avila,,,,US
0ba8c47f-c831-455d-90f6-6e2bbddc5848,Chris,Foster,,,,US
d6cbae70-a206-4740-a12e-0e36e9096c8a,Chris,Nelson,,,,US
caeac894-16b2-49d6-896a-7dded27c0011,Dan,Segal,,,,US
c725818d-0faf-4001-8b5f-40e408457ae4,Jeffrey,Taylor,,,,US
a9dec640-d04b-4521-b7cf-c0362b598f84,Justin,Wilk,,,,US
73f5bf94-5c78-41b6-a6e9-64956eeeb97f,Michael,Holtberg,,,,US
7371022e-45ec-4e9b-b110-3eef29b4cf14,Tom,Pattyn,,,,US
d16b70cc-3d92-416a-b0c3-bf213b5f2e45,John,Flynn,,,,US
aa4c8252-17b8-4e1b-93f9-9d9c78c26002,Slater,Hogan,,Indianapolis,IN,US
